city,year,latitude,mean_c
London,1950,51.493847,10.0537
London,1951,51.493847,9.8441
London,1952,51.493847,9.7448
London,1953,51.493847,10.017
London,1954,51.493847,9.529
London,1955,51.493847,9.4373
London,1956,51.493847,8.994
London,1957,51.493847,10.4474
London,1958,51.493847,9.8164
London,1959,51.493847,10.9241
London,1960,51.493847,10.1885
London,1961,51.493847,10.7775
London,1962,51.493847,8.8841
London,1963,51.493847,8.5156
London,1964,51.493847,9.7997
London,1965,51.493847,9.4342
London,1966,51.493847,9.9537
London,1967,51.493847,10.0414
London,1968,51.493847,9.5907
London,1969,51.493847,9.7759
London,1970,51.493847,9.8184
London,1971,51.493847,10.0386
London,1972,51.493847,9.6814
London,1973,51.493847,9.8455
London,1974,51.493847,9.8871
London,1975,51.493847,10.0789
London,1976,51.493847,10.4273
London,1977,51.493847,9.7978
London,1978,51.493847,9.7055
London,1979,51.493847,9.3556
London,1980,51.493847,9.638
London,1981,51.493847,9.6137
London,1982,51.493847,10.3753
London,1983,51.493847,10.4227
London,1984,51.493847,10.1022
London,1985,51.493847,9.3551
London,1986,51.493847,9.2655
London,1987,51.493847,9.5822
London,1988,51.493847,10.2844
London,1989,51.493847,11.2712
London,1990,51.493847,11.3181
London,1991,51.493847,9.9542
London,1992,51.493847,10.3462
London,1993,51.493847,10.1093
London,1994,51.493847,10.9115
London,1995,51.493847,10.9381
London,1996,51.493847,9.5825
London,1997,51.493847,10.9351
London,1998,51.493847,10.6912
London,1999,51.493847,11.0093
London,2000,51.493847,10.6776
London,2001,51.493847,10.3247
London,2002,51.493847,11.1315
London,2003,51.493847,11.0153
London,2004,51.493847,10.8607
London,2005,51.493847,10.8636
London,2006,51.493847,11.3564
London,2007,51.493847,11.0082
London,2008,51.493847,10.4456
London,2009,51.493847,10.5586
London,2010,51.493847,9.403
London,2011,51.493847,11.3126
London,2012,51.493847,10.1801
London,2013,51.493847,9.9863
London,2014,51.493847,11.5436
London,2015,51.493847,11.0104
London,2016,51.493847,10.9109
London,2017,51.493847,11.1737
London,2018,51.493847,11.4504
London,2019,51.493847,11.0915
London,2020,51.493847,11.6454
London,2021,51.493847,10.7551
London,2022,51.493847,11.937
London,2023,51.493847,11.6447
London,2024,51.493847,11.7262
Nairobi,1950,-1.3005272,18.1189
Nairobi,1951,-1.3005272,18.229
Nairobi,1952,-1.3005272,18.0902
Nairobi,1953,-1.3005272,17.7551
Nairobi,1954,-1.3005272,18.3537
Nairobi,1955,-1.3005272,18.489
Nairobi,1956,-1.3005272,18.2727
Nairobi,1957,-1.3005272,18.22
Nairobi,1958,-1.3005272,18.4718
Nairobi,1959,-1.3005272,18.4537
Nairobi,1960,-1.3005272,18.3817
Nairobi,1961,-1.3005272,18.6162
Nairobi,1962,-1.3005272,18.2852
Nairobi,1963,-1.3005272,18.0386
Nairobi,1964,-1.3005272,17.6489
Nairobi,1965,-1.3005272,18.0471
Nairobi,1966,-1.3005272,18.3696
Nairobi,1967,-1.3005272,18.2507
Nairobi,1968,-1.3005272,17.7798
Nairobi,1969,-1.3005272,18.5266
Nairobi,1970,-1.3005272,18.4164
Nairobi,1971,-1.3005272,18.0507
Nairobi,1972,-1.3005272,18.4128
Nairobi,1973,-1.3005272,18.7942
Nairobi,1974,-1.3005272,18.0723
Nairobi,1975,-1.3005272,18.417
Nairobi,1976,-1.3005272,18.6175
Nairobi,1977,-1.3005272,18.1164
Nairobi,1978,-1.3005272,17.9482
Nairobi,1979,-1.3005272,18.0496
Nairobi,1980,-1.3005272,18.5609
Nairobi,1981,-1.3005272,18.451
Nairobi,1982,-1.3005272,18.557
Nairobi,1983,-1.3005272,18.7088
Nairobi,1984,-1.3005272,18.4604
Nairobi,1985,-1.3005272,17.8425
Nairobi,1986,-1.3005272,18.2471
Nairobi,1987,-1.3005272,19.0458
Nairobi,1988,-1.3005272,18.5112
Nairobi,1989,-1.3005272,17.9178
Nairobi,1990,-1.3005272,18.1921
Nairobi,1991,-1.3005272,18.7315
Nairobi,1992,-1.3005272,18.4104
Nairobi,1993,-1.3005272,18.3329
Nairobi,1994,-1.3005272,18.6649
Nairobi,1995,-1.3005272,18.4756
Nairobi,1996,-1.3005272,18.4525
Nairobi,1997,-1.3005272,18.6142
Nairobi,1998,-1.3005272,18.3929
Nairobi,1999,-1.3005272,18.3222
Nairobi,2000,-1.3005272,18.8156
Nairobi,2001,-1.3005272,18.4405
Nairobi,2002,-1.3005272,18.6066
Nairobi,2003,-1.3005272,18.8268
Nairobi,2004,-1.3005272,18.8563
Nairobi,2005,-1.3005272,18.8797
Nairobi,2006,-1.3005272,18.7079
Nairobi,2007,-1.3005272,18.84
Nairobi,2008,-1.3005272,18.7456
Nairobi,2009,-1.3005272,19.3063
Nairobi,2010,-1.3005272,18.8964
Nairobi,2011,-1.3005272,19.2405
Nairobi,2012,-1.3005272,19.0954
Nairobi,2013,-1.3005272,18.7551
Nairobi,2014,-1.3005272,19.0934
Nairobi,2015,-1.3005272,19.3463
Nairobi,2016,-1.3005272,19.2418
Nairobi,2017,-1.3005272,19.2047
Nairobi,2018,-1.3005272,18.2822
Nairobi,2019,-1.3005272,19.0255
Nairobi,2020,-1.3005272,18.4951
Nairobi,2021,-1.3005272,18.6099
Nairobi,2022,-1.3005272,18.643
Nairobi,2023,-1.3005272,19.2534
Nairobi,2024,-1.3005272,19.4128
New York,1950,40.738136,11.0995
New York,1951,40.738136,11.6751
New York,1952,40.738136,11.6817
New York,1953,40.738136,12.3789
New York,1954,40.738136,11.3312
New York,1955,40.738136,11.2986
New York,1956,40.738136,10.7702
New York,1957,40.738136,11.7679
New York,1958,40.738136,10.1614
New York,1959,40.738136,11.7219
New York,1960,40.738136,10.4533
New York,1961,40.738136,10.6068
New York,1962,40.738136,10.4044
New York,1963,40.738136,10.4444
New York,1964,40.738136,10.7585
New York,1965,40.738136,10.5129
New York,1966,40.738136,10.7701
New York,1967,40.738136,10.0285
New York,1968,40.738136,10.7607
New York,1969,40.738136,10.5633
New York,1970,40.738136,10.5874
New York,1971,40.738136,10.9148
New York,1972,40.738136,10.4691
New York,1973,40.738136,12.1466
New York,1974,40.738136,11.4123
New York,1975,40.738136,11.917
New York,1976,40.738136,10.9604
New York,1977,40.738136,11.2466
New York,1978,40.738136,10.2559
New York,1979,40.738136,11.1345
New York,1980,40.738136,11.1981
New York,1981,40.738136,10.8989
New York,1982,40.738136,10.9638
New York,1983,40.738136,11.7353
New York,1984,40.738136,11.2814
New York,1985,40.738136,11.5808
New York,1986,40.738136,11.4504
New York,1987,40.738136,11.1175
New York,1988,40.738136,11.0754
New York,1989,40.738136,10.9499
New York,1990,40.738136,12.42
New York,1991,40.738136,12.6192
New York,1992,40.738136,10.7847
New York,1993,40.738136,11.4022
New York,1994,40.738136,11.1655
New York,1995,40.738136,11.4082
New York,1996,40.738136,10.6325
New York,1997,40.738136,11.1649
New York,1998,40.738136,12.6633
New York,1999,40.738136,12.1296
New York,2000,40.738136,10.8328
New York,2001,40.738136,11.8737
New York,2002,40.738136,12.3597
New York,2003,40.738136,10.4463
New York,2004,40.738136,11.1481
New York,2005,40.738136,11.471
New York,2006,40.738136,12.4841
New York,2007,40.738136,11.9036
New York,2008,40.738136,11.9262
New York,2009,40.738136,11.1351
New York,2010,40.738136,12.4153
New York,2011,40.738136,12.194
New York,2012,40.738136,13.0432
New York,2013,40.738136,11.5915
New York,2014,40.738136,10.7978
New York,2015,40.738136,11.7515
New York,2016,40.738136,12.5415
New York,2017,40.738136,12.3888
New York,2018,40.738136,12.1362
New York,2019,40.738136,12.0858
New York,2020,40.738136,12.8915
New York,2021,40.738136,12.7742
New York,2022,40.738136,12.4945
New York,2023,40.738136,13.0088
New York,2024,40.738136,13.0443
Reykjavik,1950,64.077324,3.9236
Reykjavik,1951,64.077324,3.2627
Reykjavik,1952,64.077324,3.8735
Reykjavik,1953,64.077324,4.5529
Reykjavik,1954,64.077324,4.2134
Reykjavik,1955,64.077324,3.4466
Reykjavik,1956,64.077324,4.5579
Reykjavik,1957,64.077324,3.9115
Reykjavik,1958,64.077324,3.726
Reykjavik,1959,64.077324,3.677
Reykjavik,1960,64.077324,4.6011
Reykjavik,1961,64.077324,3.5411
Reykjavik,1962,64.077324,3.2592
Reykjavik,1963,64.077324,3.497
Reykjavik,1964,64.077324,4.5784
Reykjavik,1965,64.077324,3.8526
Reykjavik,1966,64.077324,2.7929
Reykjavik,1967,64.077324,3.1145
Reykjavik,1968,64.077324,3.2964
Reykjavik,1969,64.077324,2.6395
Reykjavik,1970,64.077324,2.8603
Reykjavik,1971,64.077324,3.4121
Reykjavik,1972,64.077324,4.2749
Reykjavik,1973,64.077324,2.9995
Reykjavik,1974,64.077324,4.3345
Reykjavik,1975,64.077324,3.42
Reykjavik,1976,64.077324,3.8322
Reykjavik,1977,64.077324,3.4052
Reykjavik,1978,64.077324,3.0362
Reykjavik,1979,64.077324,1.9123
Reykjavik,1980,64.077324,3.8292
Reykjavik,1981,64.077324,2.7022
Reykjavik,1982,64.077324,3.1984
Reykjavik,1983,64.077324,2.5915
Reykjavik,1984,64.077324,3.2943
Reykjavik,1985,64.077324,3.7266
Reykjavik,1986,64.077324,3.4214
Reykjavik,1987,64.077324,5.0129
Reykjavik,1988,64.077324,3.3194
Reykjavik,1989,64.077324,3.2921
Reykjavik,1990,64.077324,3.7173
Reykjavik,1991,64.077324,4.5353
Reykjavik,1992,64.077324,3.6751
Reykjavik,1993,64.077324,3.8701
Reykjavik,1994,64.077324,3.2362
Reykjavik,1995,64.077324,3.0759
Reykjavik,1996,64.077324,4.1459
Reykjavik,1997,64.077324,4.4499
Reykjavik,1998,64.077324,3.8866
Reykjavik,1999,64.077324,3.5668
Reykjavik,2000,64.077324,3.7005
Reykjavik,2001,64.077324,4.5507
Reykjavik,2002,64.077324,4.7071
Reykjavik,2003,64.077324,5.4737
Reykjavik,2004,64.077324,5.144
Reykjavik,2005,64.077324,4.7411
Reykjavik,2006,64.077324,4.9384
Reykjavik,2007,64.077324,4.9578
Reykjavik,2008,64.077324,4.4891
Reykjavik,2009,64.077324,4.7214
Reykjavik,2010,64.077324,5.326
Reykjavik,2011,64.077324,4.6151
Reykjavik,2012,64.077324,5.044
Reykjavik,2013,64.077324,4.4173
Reykjavik,2014,64.077324,5.1477
Reykjavik,2015,64.077324,4.0644
Reykjavik,2016,64.077324,5.4672
Reykjavik,2017,64.077324,4.9351
Reykjavik,2018,64.077324,4.5211
Reykjavik,2019,64.077324,5.04
Reykjavik,2020,64.077324,4.5115
Reykjavik,2021,64.077324,4.9279
Reykjavik,2022,64.077324,4.6756
Reykjavik,2023,64.077324,4.5384
Reykjavik,2024,64.077324,3.923
Sydney,1950,-33.848858,16.8238
Sydney,1951,-33.848858,16.9099
Sydney,1952,-33.848858,17.0251
Sydney,1953,-33.848858,16.9162
Sydney,1954,-33.848858,16.9345
Sydney,1955,-33.848858,17.1279
Sydney,1956,-33.848858,16.4631
Sydney,1957,-33.848858,17.0986
Sydney,1958,-33.848858,17.137
Sydney,1959,-33.848858,16.9721
Sydney,1960,-33.848858,16.7727
Sydney,1961,-33.848858,16.9403
Sydney,1962,-33.848858,16.626
Sydney,1963,-33.848858,16.6414
Sydney,1964,-33.848858,16.8923
Sydney,1965,-33.848858,16.911
Sydney,1966,-33.848858,16.64
Sydney,1967,-33.848858,16.8712
Sydney,1968,-33.848858,17.1519
Sydney,1969,-33.848858,16.6956
Sydney,1970,-33.848858,16.7077
Sydney,1971,-33.848858,16.6956
Sydney,1972,-33.848858,16.7844
Sydney,1973,-33.848858,17.451
Sydney,1974,-33.848858,16.5384
Sydney,1975,-33.848858,16.9395
Sydney,1976,-33.848858,16.3101
Sydney,1977,-33.848858,16.7562
Sydney,1978,-33.848858,16.6627
Sydney,1979,-33.848858,17.2101
Sydney,1980,-33.848858,17.656
Sydney,1981,-33.848858,17.1403
Sydney,1982,-33.848858,17.0342
Sydney,1983,-33.848858,17.2003
Sydney,1984,-33.848858,16.477
Sydney,1985,-33.848858,16.6247
Sydney,1986,-33.848858,16.6099
Sydney,1987,-33.848858,16.766
Sydney,1988,-33.848858,17.4391
Sydney,1989,-33.848858,16.9592
Sydney,1990,-33.848858,16.9597
Sydney,1991,-33.848858,17.2888
Sydney,1992,-33.848858,16.3839
Sydney,1993,-33.848858,17.0329
Sydney,1994,-33.848858,16.9915
Sydney,1995,-33.848858,16.5271
Sydney,1996,-33.848858,16.6221
Sydney,1997,-33.848858,17.2595
Sydney,1998,-33.848858,17.6288
Sydney,1999,-33.848858,16.9715
Sydney,2000,-33.848858,16.9519
Sydney,2001,-33.848858,17.3203
Sydney,2002,-33.848858,17.3721
Sydney,2003,-33.848858,17.1022
Sydney,2004,-33.848858,17.4385
Sydney,2005,-33.848858,17.6562
Sydney,2006,-33.848858,17.5975
Sydney,2007,-33.848858,17.5277
Sydney,2008,-33.848858,16.8904
Sydney,2009,-33.848858,17.7696
Sydney,2010,-33.848858,17.5219
Sydney,2011,-33.848858,17.2419
Sydney,2012,-33.848858,17.0194
Sydney,2013,-33.848858,17.7077
Sydney,2014,-33.848858,17.6816
Sydney,2015,-33.848858,17.4978
Sydney,2016,-33.848858,18.0557
Sydney,2017,-33.848858,17.857
Sydney,2018,-33.848858,17.6145
Sydney,2019,-33.848858,17.8866
Sydney,2020,-33.848858,17.3765
Sydney,2021,-33.848858,16.8208
Sydney,2022,-33.848858,17.0055
Sydney,2023,-33.848858,17.5764
Sydney,2024,-33.848858,17.8342
Tokyo,1950,35.676624,14.3222
Tokyo,1951,35.676624,14.1597
Tokyo,1952,35.676624,13.8923
Tokyo,1953,35.676624,13.7003
Tokyo,1954,35.676624,13.8649
Tokyo,1955,35.676624,14.4342
Tokyo,1956,35.676624,13.8516
Tokyo,1957,35.676624,14.08
Tokyo,1958,35.676624,14.1619
Tokyo,1959,35.676624,14.6052
Tokyo,1960,35.676624,14.3413
Tokyo,1961,35.676624,14.5973
Tokyo,1962,35.676624,14.2173
Tokyo,1963,35.676624,13.7597
Tokyo,1964,35.676624,14.1601
Tokyo,1965,35.676624,13.8153
Tokyo,1966,35.676624,14.1775
Tokyo,1967,35.676624,14.0241
Tokyo,1968,35.676624,13.8306
Tokyo,1969,35.676624,13.8885
Tokyo,1970,35.676624,13.6099
Tokyo,1971,35.676624,13.831
Tokyo,1972,35.676624,14.6363
Tokyo,1973,35.676624,14.3986
Tokyo,1974,35.676624,13.8784
Tokyo,1975,35.676624,14.231
Tokyo,1976,35.676624,13.632
Tokyo,1977,35.676624,14.1356
Tokyo,1978,35.676624,14.2468
Tokyo,1979,35.676624,14.8915
Tokyo,1980,35.676624,13.3538
Tokyo,1981,35.676624,13.1425
Tokyo,1982,35.676624,14.0742
Tokyo,1983,35.676624,13.7279
Tokyo,1984,35.676624,12.8656
Tokyo,1985,35.676624,13.9395
Tokyo,1986,35.676624,13.2781
Tokyo,1987,35.676624,14.2162
Tokyo,1988,35.676624,13.7423
Tokyo,1989,35.676624,14.583
Tokyo,1990,35.676624,15.0893
Tokyo,1991,35.676624,14.5715
Tokyo,1992,35.676624,14.1866
Tokyo,1993,35.676624,13.7499
Tokyo,1994,35.676624,14.7016
Tokyo,1995,35.676624,14.4025
Tokyo,1996,35.676624,13.7653
Tokyo,1997,35.676624,14.5241
Tokyo,1998,35.676624,14.7312
Tokyo,1999,35.676624,14.8984
Tokyo,2000,35.676624,14.8888
Tokyo,2001,35.676624,14.4121
Tokyo,2002,35.676624,14.7315
Tokyo,2003,35.676624,14.2329
Tokyo,2004,35.676624,15.6246
Tokyo,2005,35.676624,14.3767
Tokyo,2006,35.676624,14.649
Tokyo,2007,35.676624,15.0803
Tokyo,2008,35.676624,14.7473
Tokyo,2009,35.676624,14.9085
Tokyo,2010,35.676624,15.2315
Tokyo,2011,35.676624,14.7592
Tokyo,2012,35.676624,14.4975
Tokyo,2013,35.676624,15.1392
Tokyo,2014,35.676624,14.6386
Tokyo,2015,35.676624,15.1762
Tokyo,2016,35.676624,15.3281
Tokyo,2017,35.676624,14.8422
Tokyo,2018,35.676624,15.6277
Tokyo,2019,35.676624,15.3816
Tokyo,2020,35.676624,15.5273
Tokyo,2021,35.676624,15.5397
Tokyo,2022,35.676624,15.423
Tokyo,2023,35.676624,16.6858
Tokyo,2024,35.676624,16.6913
